
{
  "id": null,
  "title": "Gateway Monitor Dashboard",
  "tags": [],
  "timezone": "browser",
  "schemaVersion": 16,
  "version": 1,
  "panels": [
    {
      "type": "stat",
      "title": "Gateway Uptime (Last 7 Days)",
      "targets": [
        {
          "expr": "rate(up{job='gateway'}[1w])",
          "legendFormat": "Gw1 uptime",
          "refId": "A"
        }
      ],
      "options": {
        "reduceOptions": {
          "calcs": ["mean"],
          "fields": "",
          "values": false
        },
        "orientation": "auto",
        "textMode": "value"
      },
      "datasource": "Prometheus",
      "fieldConfig": {
        "defaults": {
          "thresholds": {
            "mode": "percentage",
            "steps": [
              {"color": "red", "value": 0},
              {"color": "green", "value": 95}
            ]
          }
        }
      },
      "gridPos": {
        "h": 6,
        "w": 8,
        "x": 0,
        "y": 0
      }
    },
    {
      "type": "status-history",
      "title": "Gateway Status History",
      "targets": [
        {
          "expr": "up{job='gateway', instance='Gw1'}",
          "refId": "A"
        }
      ],
      "options": {
        "reduceOptions": {
          "calcs": ["lastNotNull"],
          "fields": "",
          "values": false
        },
        "orientation": "auto",
        "showValue": "auto"
      },
      "fieldConfig": {
        "defaults": {
          "thresholds": {
            "steps": [
              {"color": "red", "value": 0},
              {"color": "orange", "value": 1},
              {"color": "green", "value": 2}
            ]
          }
        }
      },
      "datasource": "Prometheus",
      "gridPos": {
        "h": 6,
        "w": 8,
        "x": 8,
        "y": 0
      }
    },
    {
      "type": "geomap",
      "title": "Gateway Geomap",
      "targets": [
        {
          "expr": "up{job='gateway', instance='Gw1'}",
          "refId": "A"
        }
      ],
      "fieldConfig": {
        "defaults": {
          "thresholds": {
            "steps": [
              {"color": "red", "value": 0},
              {"color": "orange", "value": 1},
              {"color": "green", "value": 2}
            ]
          }
        }
      },
      "options": {
        "layers": [
          {
            "type": "point",
            "url": "",
            "label": "Gateways",
            "source": {
              "type": "table"
            },
            "colorField": "value"
          }
        ],
        "mapView": {
          "lat": 52.3676,
          "lon": 4.9041,
          "zoom": 6
        }
      },
      "gridPos": {
        "h": 10,
        "w": 16,
        "x": 0,
        "y": 6
      }
    }
  ]
}
