{
  "gateways": [
    {
      "name": "Gw1",
      "location": {
        "latitude": 51.5333,
        "longitude": 5.9688
      },
      "checks": [
        {
          "type": "https",
          "url": "https://mapper.packetbroker.net/api/v2/gateways/netID=000013%2CtenantID=ttn%2Cid=ttn0478-gw-011"
        },
        {
          "type": "https",
          "url": "https://www.thethingsnetwork.org/gateway-data/gateway/ttn0478-gw-011"
        },
        {
          "type": "api",
          "url": "http://example.com/api1",
          "expected_status": 200
        }
      ]
    }
  ]
}
